,GDPC1,GDP_Change,LN_GDP,GDP_Growth,GDP_Growth_1Q_Ann,GDP_Growth_2Q_Ann,GDP_Growth_3Q_Ann,GDP_Growth_4Q_Ann,GDP_Growth_5Q_Ann,GDP_Growth_6Q_Ann,GDP_Growth_7Q_Ann,GDP_Growth_8Q_Ann,RSPREAD
31/01/1960,3123.162,68.058,8.046601229,0.022032316,8.812926223,5.191280335,3.203823255,4.805449799,5.318983346,5.973919781,6.426550119,5.952048296,0.613333333
30/04/1960,3111.31,-11.852,8.042799138,-0.003802091,-1.520836315,3.646044954,2.953908119,2.022658363,3.540192576,4.179013403,4.903240339,5.433126815,1.266666667
31/07/1960,3119.057,7.747,8.045285992,0.002486853,0.994741272,-0.263047522,2.76227706,2.464116407,1.817074945,3.115950692,3.724117384,4.414677956,1.473333333
31/10/1960,3081.3,-37.757,8.033106865,-0.012179127,-4.871650676,-1.938454702,-1.799248573,0.853795126,0.99696299,0.702287341,1.974864782,2.649646377,1.58
31/01/1961,3102.251,20.951,8.039883256,0.006776391,2.710556465,-1.080547106,-0.388784313,-0.671797314,1.225147394,1.282561903,0.98918293,2.066826243,1.436666667
30/04/1961,3159.918,57.667,8.058301357,0.018418101,7.36724035,5.038898407,1.735382046,1.550221853,0.936010219,2.248829553,2.151801681,1.786440108,1.486666667
31/07/1961,3212.606,52.688,8.074837725,0.016536368,6.614547156,6.990893753,5.564114657,2.955173324,2.563086914,1.882433042,2.872503496,2.709644865,1.676666667
31/10/1961,3277.717,65.111,8.094902422,0.020064698,8.025879072,7.320213114,7.335888859,6.179555761,3.969314473,3.473552273,2.760068189,3.516675443,1.513333333
31/01/1962,3336.753,59.036,8.112753457,0.017851035,7.140413994,7.583146533,7.260280074,7.287020143,6.371727407,4.49783106,3.997389662,3.307611415,1.293333333
30/04/1962,3372.706,35.953,8.123470668,0.010717211,4.286884427,5.713649211,6.484392498,6.516931162,6.686993,6.024253577,4.467695827,4.033576508,1.156666667
31/07/1962,3404.833,32.127,8.132951172,0.009480503,3.792201344,4.039542885,5.073166588,5.811344709,5.971985199,6.204527724,5.705388973,4.383259017,1.15
31/10/1962,3418.046,13.213,8.136824322,0.00387315,1.549259955,2.67073065,3.209448575,4.19218993,4.958927758,5.234864325,5.539489471,5.185872845,1.09
31/01/1963,3456.08,38.034,8.147890278,0.011065956,4.426382423,2.987821189,3.255947907,3.513682037,4.239028429,4.870170202,5.11936691,5.40035109,0.986666667
30/04/1963,3501.134,45.054,8.160842195,0.012951917,5.180766879,4.803574651,3.718803086,3.73715265,3.847099005,4.395984837,4.914541156,5.127041906,1.023333333
31/07/1963,3569.479,68.345,8.180174926,0.019332731,7.733092299,6.456929589,5.780080533,4.722375389,4.53634058,4.494764554,4.872714474,5.266860049,0.74
31/10/1963,3594.954,25.475,8.187286475,0.007111549,2.84461951,5.288855905,5.252826229,5.046215278,4.346824213,4.254387068,4.259029548,4.619202604,0.623333333
31/01/1964,3672.708,77.754,8.208684544,0.021398069,8.559227635,5.701923573,6.378979815,6.079426581,5.748817749,5.04889145,4.869364292,4.796554309,0.65
30/04/1964,3716.382,43.674,8.220505893,0.01182135,4.728539898,6.643883767,5.377462348,5.966369836,5.809249244,5.578771441,5.003126943,4.851761243,0.723333333
31/07/1964,3766.862,50.48,8.233997573,0.01349168,5.396671894,5.062605896,6.228146476,5.382264735,5.852430248,5.740486353,5.55275722,5.052320062,0.696666667
31/10/1964,3780.219,13.357,8.237537223,0.00353965,1.415860139,3.406266017,3.847023977,5.025074892,4.588983816,5.113001896,5.122682608,5.035645085,0.49
31/01/1965,3873.452,93.233,8.261901378,0.024364155,9.745661863,5.580761001,5.519397966,5.321683449,5.969192286,5.448430157,5.774810463,5.700555015,0.313333333
30/04/1965,3926.406,52.954,8.275479783,0.013578405,5.431361812,7.588511838,5.530961272,5.497388927,5.343619122,5.879553874,5.445991822,5.731879382,0.333333333
31/07/1965,4006.152,79.746,8.295586459,0.020106676,8.042670383,6.737016098,7.73989802,6.15888855,6.006445219,5.793460999,6.188570518,5.770576642,0.38
31/10/1965,4100.631,94.479,8.318896143,0.023309685,9.323873879,8.683272131,7.599302025,8.135891985,6.791885616,6.559349995,6.297805696,6.580483438,0.306666667
31/01/1966,4201.891,101.26,8.343289941,0.024393798,9.7575191,9.54069649,9.041354454,8.138856294,8.460217408,7.286157863,7.016231296,6.730269871,0.16
30/04/1966,4219.097,17.206,8.347376403,0.004086462,1.63458482,5.69605196,6.905325933,7.189662046,6.838001999,7.322611976,6.478790285,6.343525487,0.193333333
31/07/1966,4249.152,30.055,8.354474713,0.00709831,2.839323803,2.236954312,4.743809241,5.888825401,6.319594397,6.171555633,6.682142237,6.023856975,0.096666667
31/10/1966,4285.582,36.43,8.363011644,0.008536932,3.414772739,3.127048271,2.629560454,4.411550116,5.394014868,5.835457454,5.777729505,6.27372105,-0.206666667
31/01/1967,4324.926,39.344,8.372150309,0.009138665,3.655465979,3.535119359,3.303187507,2.886036835,4.260333288,5.10425672,5.524030101,5.512446565,0.07
30/04/1967,4328.72,3.794,8.373027165,0.000876856,0.350742357,2.003104168,2.473660358,2.56507622,2.37897794,3.6087348,4.42518324,4.877369133,1.16
31/07/1967,4366.088,37.368,8.381622693,0.008595527,3.438210948,1.894476653,2.481473095,2.714798006,2.739703165,2.555516774,3.584374249,4.301811703,0.946666667
31/10/1967,4401.233,35.145,8.389640008,0.008017315,3.206926107,3.322568527,2.331959804,2.662836348,2.813223626,2.817573656,2.64857525,3.537193232,0.89
31/01/1968,4490.609,89.376,8.409743606,0.020103598,8.041439344,5.624182725,4.895525466,3.759329689,3.738556947,3.684592912,3.563840182,3.322683262,0.56
30/04/1968,4566.442,75.833,8.426489625,0.016746019,6.69840743,7.369923387,5.982257627,5.346245957,4.347145237,4.231865361,4.115137843,3.955661088,0.223333333
31/07/1968,4599.332,32.89,8.433666355,0.00717673,2.870691873,4.784549652,5.870179549,5.204366189,4.85113514,4.101069677,4.037412005,3.959582097,0.263333333
31/10/1968,4619.803,20.471,8.438107342,0.004440988,1.776395173,2.323543523,3.781831492,4.846733455,4.518771985,4.338678479,3.768973319,3.754784901,0.183333333
31/01/1969,4691.637,71.834,8.453536841,0.015429499,6.171799431,3.974097302,3.606295493,4.379323477,5.11174665,4.79427656,4.600552901,4.069326583,0.083333333
30/04/1969,4706.684,15.047,8.456738905,0.003202064,1.280825616,3.726312524,3.076340073,3.024928023,3.759623905,4.473259811,4.292354996,4.18558699,0.156666667
31/07/1969,4736.143,29.459,8.46297837,0.006239465,2.495786109,1.888305863,3.316137052,2.931201582,2.919099641,3.548984272,4.190763568,4.067783885,-0.166666667
31/10/1969,4715.469,-20.674,8.45860366,-0.00437471,-1.749884187,0.372950961,0.675575846,2.049631742,1.994984429,2.140935669,2.792003064,3.448182599,-0.056666667
31/01/1970,4707.112,-8.357,8.456829835,-0.001773824,-0.709529772,-1.22970698,0.01212405,0.329299442,1.497799439,1.544232062,1.733726321,2.354311459,0.156666667
30/04/1970,4715.441,8.329,8.458597722,0.001767887,0.707154604,-0.001187584,-0.584086452,0.185881689,0.404870474,1.3660253,1.424649568,1.605404856,1.036666667
31/07/1970,4757.213,41.772,8.467417272,0.00881955,3.527819829,2.117487216,1.17514822,0.443890118,0.854269317,0.925362033,1.67485309,1.68754585,1.133333333
31/10/1970,4708.281,-48.932,8.457078152,-0.010339119,-4.135647724,-0.303913947,0.033108903,-0.152550766,-0.47201745,0.022616477,0.202360639,0.948540488,1.5
31/01/1971,4834.349,126.068,8.483501756,0.026423603,10.56944134,3.216896809,3.320537816,2.667192013,1.991847656,1.368225682,1.529305743,1.498245727,2.176666667
30/04/1971,4861.938,27.589,8.489192403,0.005690647,2.276258898,6.42285012,2.903350839,3.059468086,2.58900539,2.03924953,1.497944713,1.622674887,1.996666667
31/07/1971,4899.95,38.012,8.49698028,0.007787877,3.11515085,2.695704874,5.320283697,2.956300842,3.070604639,2.6766963,2.192949718,1.70009548,1.473333333
31/10/1971,4914.261,14.311,8.499896665,0.002916385,1.166554103,2.140852477,2.18598795,4.281851298,2.598351494,2.753262883,2.4609617,2.064650266,1.66
31/01/1972,5002.436,88.175,8.517680273,0.017783608,7.11344302,4.139998562,3.798382658,3.417851718,4.848169643,3.350866748,3.37614576,3.042521865,2.596666667
30/04/1972,5118.278,115.842,8.540573333,0.022893061,9.157224226,8.135333623,5.812407116,5.13809305,4.565726219,5.566345406,4.180346388,4.098780568,2.373333333
31/07/1972,5165.448,47.17,8.549747115,0.009173782,3.669512845,6.413368535,6.646726697,5.276683548,4.844377009,4.416357324,5.295369326,4.116492195,2.07
31/10/1972,5251.226,85.778,8.566216852,0.016469737,6.587894673,5.128703759,6.471543915,6.632018691,5.538925773,5.134963286,4.726576945,5.456934995,1.51
31/01/1973,5380.502,129.276,8.590536957,0.024320105,9.728042088,8.157968381,6.661816535,7.285668458,7.25122337,6.237111826,5.791117401,5.351760088,0.903333333
30/04/1973,5441.504,61.002,8.601810772,0.011273815,4.50952595,7.118784019,6.941820904,6.123743889,6.730439956,6.7942738,5.990313844,5.630918469,0.203333333
31/07/1973,5411.935,-29.569,8.596361979,-0.005448793,-2.179517342,1.165004304,4.019350232,4.661486342,4.463091643,5.245447073,5.512303637,4.969084945,-1.116666667
31/10/1973,5462.397,50.462,8.605642983,0.009281005,3.712401808,0.766442233,2.014136805,3.942613126,4.471669435,4.33797667,5.026440607,5.287315908,-0.746666667
31/01/1974,5417.024,-45.373,8.597301866,-0.008341117,-3.336446898,0.187977455,-0.601187478,0.676490879,2.486801121,3.170316713,3.241630446,3.981079669,-0.563333333
30/04/1974,5431.265,14.241,8.599927351,0.002625485,1.050193864,-1.143126517,0.475382925,-0.188342142,0.751231476,2.247366578,2.86744202,2.967700873,-0.61
31/07/1974,5378.679,-52.586,8.590198084,-0.009729267,-3.891706733,-1.420756434,-2.059319922,-0.61638949,-0.92901506,-0.022591559,1.370356105,2.022548426,-0.226666667
31/10/1974,5357.166,-21.513,8.586190383,-0.004007701,-1.603080432,-2.747393582,-1.4815311,-1.94526005,-0.813727678,-1.041359289,-0.248375683,0.998676538,0.31
31/01/1975,5292.444,-64.722,8.574035422,-0.012154961,-4.861984381,-3.232532406,-3.452257182,-2.32664442,-2.528604916,-1.488437129,-1.587162873,-0.825076771,1.79
30/04/1975,5333.22,40.776,8.581710462,0.00767504,3.070016154,-0.895984113,-1.131682886,-1.821688848,-1.247312305,-1.595501404,-0.837229517,-1.005015495,2.656666667
31/07/1975,5421.357,88.137,8.598101432,0.01639097,6.556387909,4.813202032,1.588139894,0.790334813,-0.146073496,0.053304397,-0.430945788,0.086972661,1.966666667
31/10/1975,5494.446,73.089,8.611493043,0.013391611,5.356644291,5.9565161,4.994349452,2.530265993,1.703596708,0.771046135,0.810924382,0.292502972,2.436666667
31/01/1976,5618.52,124.074,8.633823563,0.02233052,8.932208073,7.144426182,6.948413424,5.978814107,3.810654409,2.908365269,1.936926412,1.826084843,2.836666667
30/04/1976,5660.972,42.452,8.641350888,0.007527325,3.010929957,5.971569015,5.766594107,5.964042557,5.385237277,3.677367001,2.923017367,2.071176855,2.616666667
31/07/1976,5689.756,28.784,8.646422644,0.005071756,2.02870242,2.519816188,4.65728015,4.832121185,5.17697453,4.825814801,3.441843489,2.811227999,2.58
31/10/1976,5732.462,42.706,8.653900386,0.007477742,2.991096755,2.509899588,2.676909711,4.240734301,4.463916299,4.812661567,4.563712223,3.385500147,2.516666667
31/01/1977,5799.16,66.698,8.665468358,0.011567973,4.627189048,3.809142902,3.215662741,3.164479545,4.31802525,4.491128424,4.786165493,4.571646826,2.723333333
30/04/1977,5912.977,113.817,8.684904706,0.019436348,7.774539048,6.200864048,5.130941617,4.355381818,4.086491445,4.894110883,4.960187084,5.159712188,2.53
31/07/1977,6017.586,104.609,8.702441461,0.017536755,7.01470205,7.394620549,6.472143382,5.601881725,4.887245864,4.574526546,5.197052479,5.217001455,1.86
31/10/1977,6018.218,0.632,8.702546481,0.00010502,0.042007996,3.528355023,4.943749698,4.864609535,4.489906979,4.079706219,3.927023896,4.552671918,1.486666667
31/01/1978,6039.158,20.94,8.706019877,0.003473396,1.389358418,0.715683207,2.815356155,4.055151878,4.169559312,3.973148886,3.695370819,3.609815711,1.616666667
30/04/1978,6273.963,234.805,8.744163491,0.038143614,15.25744566,8.323402037,5.562937357,5.92587853,6.295610634,6.017540369,5.585191282,5.140630174,1.843333333
31/07/1978,6335.317,61.354,8.753895131,0.00973164,3.892655835,9.575050746,6.846486636,5.145366976,5.519233991,5.895118167,5.713985436,5.373624351,1.176666667
31/10/1978,6420.288,84.971,8.767218255,0.013323125,5.32924981,4.610952822,8.159783767,6.46717743,5.182143543,5.487569961,5.81427983,5.665893483,0.25
31/01/1979,6433.044,12.756,8.769203111,0.001984856,0.793942252,3.061596031,3.338615965,6.318323388,5.332530394,4.450776661,4.817051717,5.186737633,-0.276666667
30/04/1979,6440.832,7.788,8.770413003,0.001209892,0.483956872,0.638949562,2.202382978,2.624951192,5.151450085,4.524434807,3.88408812,4.275414861,-0.263333333
31/07/1979,6487.08,46.248,8.777567785,0.007154782,2.861912877,1.672934875,1.379937334,2.367265453,2.672343529,4.76986055,4.286931674,3.756316214,-0.57
31/10/1979,6503.874,16.794,8.780153278,0.002585493,1.034197141,1.948055009,1.460022297,1.293502286,2.10065179,2.399319131,4.236194349,3.880339858,-1.396666667
31/01/1980,6524.912,21.038,8.783382746,0.003229467,1.291786865,1.162992003,1.729298961,1.417963439,1.293159202,1.96584097,2.241100236,3.868143414,-1.366666667
30/04/1980,6392.578,-132.334,8.762892909,-0.020489837,-8.195934648,-3.452073891,-1.956650214,-0.752009441,-0.504816178,-0.28835644,0.514158738,0.936470876,0.86
31/07/1980,6382.892,-9.686,8.761376565,-0.001516344,-0.606537488,-4.401236068,-2.503561757,-1.619122032,-0.72291505,-0.52176973,-0.333810876,0.37407171,1.8
31/10/1980,6501.184,118.292,8.779739593,0.018363028,7.345211189,3.36933685,-0.485753649,-0.04136852,0.173744612,0.621772656,0.602084687,0.626066883,-1.19
31/01/1981,6635.726,134.542,8.800223361,0.020483767,8.193506953,7.769359071,4.977393551,1.684061501,1.605606574,1.510371669,1.703448984,1.55101247,-1.43
30/04/1981,6587.269,-48.457,8.792894126,-0.007329235,-2.931693881,2.630906536,4.20234142,3.000121693,0.760910425,0.849389832,0.875790876,1.124056126,-1.156666667
31/07/1981,6662.858,75.589,8.804303801,0.011409675,4.563869917,0.816088018,3.275227663,4.292723544,3.312871338,1.394737007,1.380029844,1.336800756,-0.206666667
31/10/1981,6585.127,-77.731,8.7925689,-0.0117349,-4.693960146,-0.065045115,-1.020594703,1.282930711,2.495386806,1.978399424,0.524923128,0.620781095,2.336666667
31/01/1982,6474.973,-110.154,8.775699717,-0.016869184,-6.747673429,-5.720816788,-2.292587886,-2.452364385,-0.323190117,0.954876767,0.731817588,-0.384151442,1.48
30/04/1982,6510.247,35.274,8.781132676,0.005432959,2.173183774,-2.287244827,-3.089483267,-1.176144971,-1.527254753,0.092872198,1.128920625,0.911988361,1.51
31/07/1982,6486.8,-23.447,8.777524622,-0.003608054,-1.443221706,0.364981034,-2.005903787,-2.677917877,-1.229560318,-1.513249245,-0.126569788,0.807402834,3.8
31/10/1982,6493.128,6.328,8.778499666,0.000975044,0.390017603,-0.526602052,0.373326557,-1.40692344,-2.064330781,-0.959630665,-1.241353981,-0.061996365,2.76
31/01/1983,6578.175,85.047,8.79151263,0.013012964,5.20518575,2.797601676,1.383993882,1.581291355,-0.084501602,-0.852744693,-0.078942605,-0.435536515,2.456666667
30/04/1983,6728.287,150.112,8.814075858,0.022563228,9.025291227,7.115238488,4.873498193,3.294318218,3.070091329,1.433797203,0.558403296,1.059086624,2.146666667
31/07/1983,6860.022,131.735,8.833465928,0.019390069,7.756027767,8.390659497,7.328834915,5.594130587,4.186660128,3.851080736,2.336972998,1.458106355,2.486666667
31/10/1983,7001.489,141.467,8.85387812,0.020412192,8.164876796,7.960452282,8.315398597,7.537845385,6.108279829,4.849696239,4.467337316,3.065460973,2.886666667
31/01/1984,7140.597,139.108,8.873551665,0.019673546,7.869418232,8.017147514,7.930107599,8.203903506,7.604159955,6.401802896,5.281085096,4.89259743,2.773333333
30/04/1984,7266.01,125.413,8.890962589,0.017410924,6.964369508,7.41689387,7.666221512,7.688673076,7.955996706,7.497528213,6.482169555,5.491495647,3.403333333
31/07/1984,7337.493,71.483,8.90075251,0.009789921,3.915968432,5.44016897,6.249918724,6.728658242,6.934132147,7.28265866,6.985876816,6.161394414,2.546666667
31/10/1984,7396.019,58.526,8.908697161,0.007944651,3.177860531,3.546914481,4.686066157,5.481904176,6.0184987,6.308086878,6.696258928,6.50987478,2.94
31/01/1985,7469.545,73.526,8.918589366,0.009892205,3.956881802,3.567371166,3.683570255,4.503770068,5.176899701,5.674895883,5.972200438,6.353836787,3.4
30/04/1985,7537.928,68.383,8.927702622,0.009113256,3.645302485,3.801092143,3.593348273,3.674003312,4.332076551,4.921633498,5.384953969,5.681338194,3.353333333
31/07/1985,7655.196,117.268,8.943139912,0.01543729,6.174915907,4.910109196,4.592366731,4.238740181,4.174185831,4.639216444,5.100673842,5.483699212,3.23
31/10/1985,7712.624,57.428,8.950613746,0.007473834,2.989533574,4.582224741,4.269917322,4.191658442,3.98889886,3.976743788,4.403547463,4.836781309,2.593333333
31/01/1986,7784.109,71.485,8.959839627,0.009225881,3.690352388,3.339942981,4.284933957,4.125026089,4.091397231,3.939141115,3.935830731,4.314398078,1.66
30/04/1986,7819.843,35.734,8.964419757,0.00458013,1.832051904,2.761202146,2.837312622,3.671713444,3.666431252,3.714839677,3.63812837,3.672858378,1.463333333
31/07/1986,7898.555,78.712,8.97443511,0.010015354,4.006141488,2.919096696,3.176181927,3.129519839,3.738599052,3.723049625,3.756454221,3.68413001,1.783333333
31/10/1986,7939.45,40.895,8.979599282,0.005164172,2.065668795,3.035905142,2.634620729,2.898553644,2.91674963,3.459777343,3.486280935,3.545106043,1.91
31/01/1987,7994.965,55.515,8.986567248,0.006967965,2.787186081,2.426427438,2.952998788,2.672762067,2.876280131,2.895155705,3.363692877,3.398894078,1.656666667
30/04/1987,8084.71,89.745,8.997729902,0.011162655,4.465061981,3.626124031,3.105972286,3.331014586,3.03122205,3.141077106,3.11942803,3.501364015,2.686666667
31/07/1987,8158.035,73.325,9.00675861,0.009028708,3.611483064,4.038272523,3.621243709,3.23234998,3.387108282,3.127932219,3.208277957,3.18093491,2.833333333
31/10/1987,8292.687,134.652,9.023129321,0.016370711,6.548284372,5.079883718,4.874943139,4.353003874,3.895536859,3.913970964,3.616553955,3.625778759,3.26
31/01/1988,8339.324,46.637,9.028737437,0.005608116,2.243246339,4.395765355,4.134337925,4.217018939,3.931052367,3.620155105,3.675296017,3.444890503,2.693333333
30/04/1988,8449.51,110.186,9.041863731,0.013126294,5.250517437,3.746881888,4.680682716,4.413382803,4.423718639,4.150963212,3.85306401,3.872198695,2.7
31/07/1988,8498.282,48.772,9.047619304,0.005755574,2.302229559,3.776373498,3.265331112,4.086069427,3.991152154,4.070137125,3.886858405,3.659209704,2.09
31/10/1988,8610.85,112.568,9.060778315,0.013159011,5.263604225,3.782916892,4.272117074,3.76489939,4.321576386,4.203227499,4.240632425,4.058951632,1.23
31/01/1989,8697.711,86.861,9.070815167,0.010036852,4.014740645,4.639172435,3.860191476,4.207772966,3.814867641,4.270437096,4.176300806,4.212395953,0.666666667
30/04/1989,8766.105,68.394,9.078647859,0.007832692,3.133076971,3.573908808,4.137140614,3.67841285,3.992833767,3.701235863,4.107957078,4.045897826,0.363333333
31/07/1989,8831.544,65.439,9.086085137,0.007437278,2.974911098,3.053994035,3.374242905,3.846583235,3.5377125,3.823179989,3.597475182,3.966326331,0.263333333
31/10/1989,8850.23,18.686,9.088198726,0.00211359,0.845435846,1.910173472,2.317807972,2.74204114,3.246353757,3.088999724,3.397787969,3.253470265,0.253333333
31/01/1990,8947.129,96.899,9.099087978,0.010889251,4.355700528,2.600568187,2.725349157,2.827281111,3.064773018,3.431244885,3.269956982,3.517527039,0.663333333
30/04/1990,8981.727,34.598,9.102947459,0.003859481,1.543792552,2.94974654,2.248309642,2.429960006,2.570583399,2.811276273,3.161608838,3.054186428,0.93
31/07/1990,8983.945,2.218,9.103194374,0.000246915,0.098766136,0.821279344,1.999419739,1.710923766,1.963721232,2.158613855,2.423774825,2.7787535,1.226666667
31/10/1990,8907.363,-76.582,9.094633517,-0.008560857,-3.424342936,-1.6627884,-0.593928083,0.64347907,0.683870425,1.065710537,1.361048599,1.692760105,1.406666667
31/01/1991,8865.564,-41.799,9.089929837,-0.00470368,-1.881471839,-2.652907388,-1.73568288,-0.915814022,0.138488888,0.256313381,0.644684484,0.955733544,1.993333333
30/04/1991,8934.366,68.802,9.097660468,0.007730631,3.09225228,0.60539022,-0.737854165,-0.52869909,-0.114200762,0.630782787,0.661447509,0.950630458,2.57
31/07/1991,8977.252,42.886,9.102449101,0.004788633,1.915453175,2.503852727,1.042077872,-0.07452733,-0.039868637,0.224074894,0.814307128,0.818198218,2.563333333
31/10/1991,9016.444,39.192,9.1068053,0.004356199,1.742479676,1.828966425,2.25006171,1.217178323,0.288874071,0.257189415,0.440989863,0.930328696,2.806666667
31/01/1992,9122.95,106.506,9.118548496,0.011743195,4.697278154,3.219878915,2.785070335,2.861865821,1.913198289,1.023608085,0.891487806,0.9730259,3.41
30/04/1992,9223.545,100.595,9.129514733,0.010966237,4.386494886,4.54188652,3.608750905,3.185426473,3.166791634,2.325414389,1.504020485,1.328363691,3.696666667
31/07/1992,9313.208,89.663,9.139188887,0.009674154,3.869661501,4.128078193,4.317811513,3.673978554,3.322273478,3.283936612,2.546021119,1.799725612,3.533333333
31/10/1992,9406.528,93.32,9.149159195,0.009970309,3.988123467,3.928892484,4.081426618,4.235389502,3.736807537,3.433248476,3.384534734,2.726283912,3.673333333
31/01/1993,9424.065,17.537,9.151021803,0.001862608,0.745043136,2.366583302,2.867609368,3.247330747,3.537320229,3.238180137,3.049219142,3.054598284,3.32
30/04/1993,9480.106,56.041,9.156950777,0.005928973,2.371589388,1.558316262,2.368251997,2.743604373,3.072182476,3.343031755,3.114381458,2.964515423,3.023333333
31/07/1993,9526.337,46.231,9.161815558,0.004864781,1.945912391,2.158750889,1.687514972,2.262667095,2.584065977,2.884470795,3.143443275,2.968322825,2.613333333
31/10/1993,9653.509,127.172,9.175076755,0.013261198,5.304479033,3.625195712,3.207326937,2.591755987,2.871029483,3.037468153,3.230186257,3.413572744,2.546666667
31/01/1994,9748.156,94.647,9.184833418,0.009756663,3.902665088,4.60357206,3.717685504,3.381161475,2.853937807,3.04296875,3.161067715,3.314246111,2.823333333
30/04/1994,9881.384,133.228,9.198407862,0.013574444,5.429777601,4.666221345,4.878973907,4.145708528,3.7908847,3.283244439,3.383941443,3.444656451,3.096666667
31/07/1994,9939.655,58.271,9.204287591,0.005879729,2.351891558,3.89083458,3.894778083,4.24720332,3.786945134,3.55105251,3.150194028,3.254935208,2.856666667
31/10/1994,10052.518,112.863,9.215578429,0.011290839,4.516335428,3.434113493,4.099334863,4.050167419,4.301029742,3.908510183,3.68895007,3.320961703,2.556666667
31/01/1995,10086.878,34.36,9.21899065,0.003412221,1.364888335,2.940611881,2.744371774,3.415723231,3.513111602,3.811672841,3.545135633,3.398442353,1.746666667
30/04/1995,10122.122,35.244,9.222478605,0.003487954,1.39518178,1.380035057,2.425468514,2.407074275,3.01161494,3.160123298,3.466459832,3.276391402,1.023333333
31/07/1995,10208.772,86.65,9.23100263,0.008524025,3.409610012,2.402395896,2.056560042,2.671503889,2.607581422,3.077947452,3.195764257,3.459353604,0.956666667
31/10/1995,10281.246,72.474,9.238076738,0.007074108,2.829643282,3.119626647,2.544811691,2.249830852,2.703131767,2.644591732,3.042475428,3.149999136,0.633333333
31/01/1996,10348.691,67.445,9.244615317,0.006538579,2.61543175,2.722537516,2.951561681,2.562466706,2.322951032,2.688515098,2.640426021,2.989094968,0.98
30/04/1996,10529.379,180.688,9.261924629,0.017309312,6.923724706,4.769578228,4.122933246,3.944602437,3.434718306,3.089746644,3.293545042,3.175838356,1.7
31/07/1996,10626.778,97.399,9.271132321,0.009207692,3.683076776,5.303400741,4.407411077,4.012969128,3.892297305,3.476111384,3.174508091,3.342236509,1.683333333
31/10/1996,10739.057,112.279,9.281642562,0.010510241,4.204096253,3.943586514,4.936965911,4.356582371,4.051194553,3.944263796,3.580109223,3.303206612,1.366666667
31/01/1997,10820.908,81.851,9.289235468,0.007592906,3.037162379,3.620629316,3.641445136,4.462015028,4.092698373,3.882189191,3.81467788,3.512240867,1.503333333
30/04/1997,10984.15,163.242,9.304208604,0.014973136,5.989254413,4.513208396,4.410171015,4.228397455,4.767462905,4.408791046,4.183198508,4.086499946,1.65
31/07/1997,11124.013,139.863,9.316861384,0.01265278,5.061112166,5.52518329,4.695842986,4.572906303,4.394940397,4.816404449,4.501979778,4.292937716,1.196666667
31/10/1997,11210.329,86.316,9.324590864,0.00772948,3.091792173,4.07645217,4.714052918,4.294830283,4.276683477,4.177749027,4.570031267,4.325706327,0.816666667
31/01/1998,11321.246,110.917,9.334436416,0.009845552,3.938220776,3.515006475,4.030375039,4.520094882,4.223508382,4.220273027,4.143530705,4.491054955,0.533333333
30/04/1998,11431.046,109.8,9.344088266,0.00965185,3.860739917,3.899480346,3.630250955,3.987966258,4.388223889,4.163046971,4.168911154,4.108181857,0.62
31/07/1998,11580.587,149.541,9.357085441,0.012997175,5.19886981,4.529804863,4.332610168,4.022405669,4.230146969,4.523331543,4.311021662,4.297655986,0.38
31/10/1998,11770.686,190.099,9.373367482,0.016282042,6.512816656,5.855843233,5.190808794,4.87766179,4.520487866,4.610591916,4.807543702,4.586246036,0.416666667
31/01/1999,11864.675,93.989,9.381320777,0.007953295,3.181317872,4.847067264,4.964334779,4.688436064,4.538393006,4.297292867,4.40640991,4.604265473,0.576666667
30/04/1999,11962.524,97.849,9.389534042,0.008213265,3.285306009,3.23331194,4.326480179,4.544577587,4.407810053,4.329545173,4.152723316,4.266271922,1.086666667
31/07/1999,12113.075,150.551,9.402040727,0.012506685,5.002673865,4.143989937,3.823099249,4.4955286,4.636196842,4.506954021,4.425706415,4.258967135,1.233333333
31/10/1999,12323.336,210.261,9.41924998,0.017209253,6.883701185,5.943187525,5.05722702,4.588249733,4.973163117,5.010780899,4.84648933,4.732955761,1.096666667
31/01/2000,12359.095,35.759,9.422147508,0.002897529,1.159011445,4.021356315,4.348462165,4.082673126,3.902402075,4.337471172,4.46052812,4.385554595,0.96
30/04/2000,12592.53,233.435,9.44085906,0.018711552,7.484620688,4.321816067,5.175777773,5.132501796,4.763062638,4.499438511,4.78706396,4.838539691,0.463333333
31/07/2000,12607.676,15.146,9.442061114,0.001202054,0.480821524,3.982721106,3.041484552,4.002038711,4.202165742,4.049355786,3.92535037,4.248783655,-0.123333333
31/10/2000,12679.338,71.662,9.447729018,0.005667905,2.267161851,1.373991688,3.410868021,2.847903877,3.655063339,3.879665093,3.794756653,3.718076805,-0.45
31/01/2001,12643.283,-36.055,9.444881365,-0.002847653,-1.139061375,0.564050238,0.536307334,2.273385672,2.050510827,2.856042553,3.162704169,3.178029399,0.233333333
30/04/2001,12710.303,67.02,9.450168203,0.005286838,2.114735363,0.487836994,1.08094528,0.930914341,2.24165561,2.061214916,2.750141526,3.031708068,1.61
31/07/2001,12670.106,-40.197,9.447000639,-0.003167564,-1.267025558,0.423854902,-0.09711719,0.49395257,0.491326361,1.656875416,1.585751991,2.24799564,1.81
31/10/2001,12705.269,35.163,9.449772068,0.002771429,1.108571519,-0.07922702,0.652093774,0.204304987,0.61687636,0.594200554,1.578546287,1.526104432,2.863333333
31/01/2002,12822.258,116.989,9.458937846,0.009165778,3.666311086,2.387441302,1.169285682,1.405648102,0.896706207,1.125115481,1.033073487,1.839516887,3.356666667
30/04/2002,12893.002,70.744,9.464439963,0.005502117,2.200846609,2.933578847,2.325243071,1.427175914,1.564687804,1.11406294,1.278791356,1.179045127,3.386666667
31/07/2002,12955.769,62.767,9.469296451,0.004856488,1.942595209,2.071720909,2.603250968,2.229581106,1.530259773,1.627672371,1.232424693,1.361766838,2.616666667
31/10/2002,12964.016,8.247,9.469932798,0.000636348,0.254539157,1.098567183,1.465993658,2.016073015,1.834572716,1.31763967,1.431510483,1.110189001,2.673333333
31/01/2003,13031.169,67.153,9.475099382,0.005166584,2.066633475,1.160586316,1.421255947,1.616153612,2.026185107,1.873249509,1.424638785,1.510900857,2.763333333
30/04/2003,13152.089,120.92,9.484335884,0.009236502,3.694600868,2.880617171,2.005257833,1.989592177,2.031843064,2.304254401,2.13344256,1.708384045,2.58
31/07/2003,13372.357,220.268,9.500944945,0.01660906,6.643624182,5.169112525,4.134952842,3.164849421,2.920398578,2.80047325,2.924164369,2.697215263,3.303333333
31/10/2003,13528.71,156.353,9.512569373,0.011624428,4.649771271,5.646697727,4.995998774,4.263657449,3.461833791,3.20862736,3.064658682,3.139865232,3.37
31/01/2004,13606.509,77.799,9.51830356,0.005734187,2.293674893,3.471723082,4.529023449,4.320417804,3.869660938,3.267140641,3.077919865,2.968285708,3.103333333
30/04/2004,13706.247,99.738,9.525606993,0.007303433,2.921373247,2.60752407,3.288273137,4.127110898,4.040608892,3.711612989,3.217745299,3.058351538,3.523333333
31/07/2004,13830.828,124.581,9.534655293,0.009048299,3.619319771,3.270346509,2.944789303,3.371034795,4.025552673,3.970394039,3.698428244,3.267942108,2.816666667
31/10/2004,13950.376,119.548,9.54326174,0.008606448,3.442579031,3.530949401,3.327757349,3.069236735,3.385343642,3.928390399,3.894991895,3.666447092,2.166666667
31/01/2005,14099.081,148.705,9.553864897,0.010603157,4.241262658,3.841920844,3.767720487,3.556133677,3.30364192,3.527996812,3.973086436,3.93827574,1.76
30/04/2005,14172.695,73.614,9.559072505,0.005207608,2.083043283,3.162152971,3.255628324,3.346551186,3.261515598,3.100208814,3.321574879,3.736831042,1.296666667
31/07/2005,14291.757,119.062,9.567438216,0.008365711,3.346284534,2.714663909,3.223530158,3.278292377,3.346497855,3.275643754,3.135362488,3.324663586,0.853333333
31/10/2005,14373.438,81.681,9.573137199,0.005698982,2.279592965,2.81293875,2.569640261,2.98754586,3.078552494,3.168680374,3.133350784,3.028391298,0.663333333
31/01/2006,14546.119,172.681,9.585079502,0.011942303,4.776921093,3.528257029,3.467599531,3.121460469,3.345420907,3.361613927,3.398429048,3.338797073,0.176666667
30/04/2006,14589.585,43.466,9.588063197,0.002983695,1.193478139,2.985199616,2.749997399,2.899069183,2.735864003,2.986763779,3.051880243,3.122810184,0.366666667
31/07/2006,14602.633,13.048,9.588957134,0.000893937,0.357574772,0.775526456,2.109324668,2.151891742,2.390770301,2.339482464,2.611165349,2.715092059,-0.01
31/10/2006,14716.93,114.297,9.596753811,0.007796677,3.118670738,1.738122755,1.55657455,2.361661186,2.345247542,2.51208704,2.450795075,2.674603523,-0.273333333
31/01/2007,14726.022,9.092,9.597371412,0.000617601,0.247040454,1.682855596,1.241095322,1.229191026,1.938737039,1.99554636,2.188508957,2.175325747,-0.303333333
30/04/2007,14838.664,112.642,9.604991486,0.007620074,3.048029532,1.647534993,2.137913575,1.692828874,1.592958727,2.123619122,2.145901099,2.295949029,0.11
31/07/2007,14938.467,99.803,9.611694843,0.006703357,2.681342906,2.864686219,1.992137631,2.273770908,1.890531681,1.77435609,2.203293948,2.212831325,0.426666667
31/10/2007,14991.784,53.317,9.615257597,0.003562754,1.425101484,2.053222195,2.384824641,1.850378594,2.104037023,1.812959981,1.724462575,2.10601989,0.87
31/01/2008,14889.45,-102.334,9.608408187,-0.006849409,-2.739763695,-0.657331105,0.455560232,1.103677557,0.932350136,1.296736903,1.162570885,1.166434291,1.62
30/04/2008,14963.357,73.907,9.613359625,0.004951437,1.980574919,-0.379594388,0.221970903,0.836813904,1.279057029,1.107054267,1.394428048,1.264821389,2.26
31/07/2008,14891.643,-71.714,9.608555462,-0.004804163,-1.921665059,0.02945493,-0.893617945,-0.313938088,0.285118111,0.745603348,0.674380077,0.97991641,2.37
31/10/2008,14576.985,-314.658,9.587199194,-0.021356268,-8.542507219,-5.232086139,-2.827865786,-2.805840264,-1.959651914,-1.186152777,-0.58126959,-0.477730835,2.956666667
31/01/2009,14375.018,-201.967,9.573247118,-0.013952076,-5.580830487,-7.061668853,-5.348334255,-3.516106962,-3.360838308,-2.563181676,-1.813963879,-1.206214702,2.523333333
30/04/2009,14355.558,-19.46,9.571892463,-0.001354655,-0.541861826,-3.061346156,-4.888399844,-4.146716148,-2.921257934,-2.891008894,-2.274421698,-1.654951122,3.14
31/07/2009,14402.477,46.919,9.575155485,0.003263021,1.305208555,0.381673364,-1.605827919,-3.339997744,-3.056331207,-2.216846853,-2.291549259,-1.826967916,3.36
31/10/2009,14541.901,139.424,9.584789485,0.009634001,3.853600264,2.579404409,1.538982331,-0.240970874,-1.901278143,-1.904675962,-1.349640122,-1.523405569,3.403333333
31/01/2010,14604.845,62.944,9.589108602,0.004319117,1.727646657,2.79062346,2.295485158,1.586148412,0.152752633,-1.296457343,-1.385772731,-0.964979275,3.61
30/04/2010,14745.933,141.088,9.598722595,0.009613993,3.845597189,2.786621923,3.14228137,2.683013166,2.038038168,0.768226725,-0.561878124,-0.731851491,3.343333333
31/07/2010,14845.458,99.525,9.605449239,0.006726644,2.690657571,3.26812738,2.754633805,3.02937542,2.684542047,2.146808068,1.042859703,-0.155311162,2.63
31/10/2010,14939.001,93.543,9.611730589,0.00628135,2.512540048,2.601598809,3.016264936,2.694110366,2.926008346,2.655875047,2.199055494,1.226569746,2.726666667
31/01/2011,14881.301,-57.7,9.607860737,-0.003869852,-1.547940648,0.4822997,1.21841899,1.87521354,1.845700163,2.18035018,2.055329948,1.730680976,3.333333333
30/04/2011,14989.555,108.254,9.615108904,0.007248167,2.899266735,0.675663043,1.287955378,1.638630926,2.080024179,2.021294592,2.283052545,2.160822046,3.163333333
31/07/2011,15021.149,31.594,9.61721442,0.002105516,0.842206479,1.870736607,0.731177522,1.176518153,1.479346037,1.873721229,1.852853433,2.102946787,2.403333333
31/10/2011,15190.255,169.106,9.628409383,0.011194962,4.477984966,2.660095722,2.739819393,1.667879383,1.836811516,1.979119192,2.245758906,2.180994874,2.033333333
31/01/2012,15291.035,100.78,9.635021988,0.006612605,2.64504205,3.561513508,2.655077831,2.716125057,1.863311916,1.971516605,2.074251029,2.295669299,1.97
30/04/2012,15362.415,71.38,9.639679221,0.004657233,1.862893189,2.253967619,2.995306735,2.457031671,2.545478684,1.863242128,1.955998974,2.047831299,1.736666667
31/07/2012,15380.802,18.387,9.640875387,0.001196166,0.478466575,1.170679882,1.662133938,2.366096695,2.061318652,2.200976666,1.665417049,1.771307424,1.54
31/10/2012,15384.254,3.452,9.641099798,0.00022441,0.08976418,0.284115377,0.810374648,1.269041498,1.910830192,1.73272624,1.899374882,1.468460441,1.62
31/01/2013,15491.878,107.624,9.648071166,0.006971368,2.788547111,1.439155646,1.118925955,1.304917764,1.572942621,2.057116345,1.883557793,2.010521411,1.863333333
30/04/2013,15521.559,29.681,9.64998524,0.001914074,0.765629661,1.777088386,1.214646984,1.030601882,1.197060143,1.438390461,1.872618247,1.743816776,1.946666667
31/07/2013,15641.336,119.777,9.657672432,0.007687193,3.074877089,1.920253375,2.20968462,1.67970451,1.439456923,1.510029634,1.672174265,2.022900603,2.676666667
31/10/2013,15793.928,152.592,9.667380841,0.009708409,3.883363563,3.479120326,2.574623438,2.628104356,2.120436321,1.846774697,1.849077338,1.948572927,2.683333333
31/01/2014,15757.57,-36.358,9.665076164,-0.002304678,-0.921871059,1.480746252,2.012123198,1.700499814,1.918109273,1.613385091,1.451253874,1.502708789,2.716666667
30/04/2014,15935.825,178.255,9.676324998,0.011248835,4.499533853,1.788831397,2.487008786,2.633975862,2.260306621,2.348346703,2.025692057,1.832288872,2.59
31/07/2014,16139.513,203.688,9.689025768,0.01270077,5.080307819,4.789920836,2.885990204,3.135333544,3.123242253,2.730306821,2.738626863,2.407519027,2.47
31/10/2014,16220.222,80.709,9.694014014,0.004988246,1.995298598,3.537803209,3.85838009,2.663317303,2.907326555,2.935251644,2.625305646,2.645710829,2.256666667
31/01/2015,16349.97,129.748,9.701981341,0.007967327,3.186930832,2.591114715,3.42084575,3.690517775,2.768040009,2.953927268,2.971205814,2.695508794,1.94
30/04/2015,16460.889,110.919,9.708742482,0.006761141,2.704456413,2.945693622,2.628895281,3.241748415,3.493305503,2.757442743,2.918288574,2.937862138,2.146666667
31/07/2015,16527.587,66.698,9.712786203,0.004043721,1.617488262,2.160972337,2.502958502,2.376043526,2.916896385,3.180669296,2.594592103,2.755688535,2.18
31/10/2015,16547.619,20.032,9.713997503,0.0012113,0.484520095,1.051004179,1.602154923,1.9983489,1.99773884,2.511500336,2.795505125,2.330833102,2.066666667
31/01/2016,16571.573,23.954,9.715444037,0.001446533,0.578613251,0.531566673,0.893540536,1.346269505,1.71440177,1.761217908,2.23537361,2.51839364,1.633333333
30/04/2016,16663.516,91.943,9.720976938,0.005532901,2.213160544,1.395886897,1.092097963,1.223445538,1.519647713,1.797528233,1.825781142,2.232596977,1.496666667
31/07/2016,16778.148,114.632,9.727832604,0.006855667,2.742266628,2.477713586,1.844680141,1.504640129,1.527209756,1.723417532,1.932490861,1.940341828,1.266666667
31/10/2016,16851.42,73.272,9.732190205,0.004357601,1.743040314,2.242653471,2.232822495,1.819270184,1.552320166,1.563181516,1.726220787,1.908809542,1.7
31/01/2017,16903.24,51.82,9.735260599,0.003070393,1.228157314,1.485598814,1.904488085,1.9816562,1.70104761,1.498293024,1.515320915,1.663962853,1.853333333
30/04/2017,17031.085,127.845,9.742795483,0.007534884,3.013953685,2.1210555,1.995050438,2.181854485,2.188115697,1.919865289,1.714815976,1.702650012,1.373333333
31/07/2017,17163.894,132.809,9.75056327,0.007767788,3.10711506,3.060534373,2.44974202,2.273066593,2.3669066,2.341282258,2.089472399,1.888853361,1.206666667
31/10/2017,17271.702,107.808,9.756824719,0.006261448,2.504579325,2.805847192,2.875216023,2.463451346,2.31936914,2.389852054,2.36461041,2.141360765,1.163333333
